"","Notes","State","State.Code","Age.of.Mother.9","Age.of.Mother.9.Code","Mother.s.Single.Race.6","Mother.s.Single.Race.6.Code","Year.of.Death","Year.of.Death.Code","Month","Month.Code","Deaths","Births","Death.Rate"
"1","","California",6,"25-29 years","25-29","White","2106-3",2022,2022,"March",3,14,6856,"2.04 (Unreliable)"
"2","","California",6,"30-34 years","30-34","White","2106-3",2022,2022,"September",9,18,8411,"2.14 (Unreliable)"
"3","","Florida",12,"30-34 years","30-34","White","2106-3",2021,2021,"September",9,10,4434,"2.26 (Unreliable)"
"4","","Florida",12,"30-34 years","30-34","White","2106-3",2021,2021,"December",12,10,4353,"2.30 (Unreliable)"
"5","","California",6,"30-34 years","30-34","White","2106-3",2021,2021,"September",9,20,8634,"2.32"
"6","","California",6,"30-34 years","30-34","White","2106-3",2022,2022,"October",10,20,8200,"2.44"
"7","","Texas",48,"25-29 years","25-29","White","2106-3",2021,2021,"July",7,20,7768,"2.57"
"8","","California",6,"30-34 years","30-34","White","2106-3",2022,2022,"July",7,22,8531,"2.58"
"9","","California",6,"30-34 years","30-34","White","2106-3",2022,2022,"November",11,21,8120,"2.59"
"10","","California",6,"30-34 years","30-34","White","2106-3",2021,2021,"August",8,23,8856,"2.60"
"11","","Texas",48,"30-34 years","30-34","White","2106-3",2021,2021,"November",11,18,6854,"2.63 (Unreliable)"
"12","","Florida",12,"25-29 years","25-29","White","2106-3",2022,2022,"October",10,10,3803,"2.63 (Unreliable)"
"13","","California",6,"30-34 years","30-34","White","2106-3",2022,2022,"January",1,21,7839,"2.68"
"14","","California",6,"30-34 years","30-34","White","2106-3",2022,2022,"February",2,20,7449,"2.68"
"15","","California",6,"25-29 years","25-29","White","2106-3",2021,2021,"February",2,16,5926,"2.70 (Unreliable)"
"16","","Florida",12,"30-34 years","30-34","White","2106-3",2021,2021,"January",1,10,3674,"2.72 (Unreliable)"
"17","","California",6,"30-34 years","30-34","White","2106-3",2022,2022,"June",6,22,8065,"2.73"
"18","","California",6,"25-29 years","25-29","White","2106-3",2021,2021,"April",4,18,6597,"2.73 (Unreliable)"
"19","","California",6,"30-34 years","30-34","White","2106-3",2022,2022,"April",4,21,7558,"2.78"
"20","","California",6,"25-29 years","25-29","White","2106-3",2022,2022,"November",11,19,6829,"2.78 (Unreliable)"
"21","","California",6,"25-29 years","25-29","White","2106-3",2022,2022,"September",9,20,7174,"2.79"
"22","","Texas",48,"30-34 years","30-34","White","2106-3",2021,2021,"December",12,20,7011,"2.85"
"23","","New York",36,"30-34 years","30-34","White","2106-3",2022,2022,"February",2,10,3491,"2.86 (Unreliable)"
"24","","Texas",48,"20-24 years","20-24","White","2106-3",2021,2021,"October",10,16,5559,"2.88 (Unreliable)"
"25","","New York",36,"30-34 years","30-34","White","2106-3",2021,2021,"November",11,11,3787,"2.90 (Unreliable)"
"26","","New York",36,"30-34 years","30-34","White","2106-3",2021,2021,"September",9,12,4130,"2.91 (Unreliable)"
"27","","California",6,"30-34 years","30-34","White","2106-3",2021,2021,"March",3,23,7907,"2.91"
"28","","Florida",12,"25-29 years","25-29","White","2106-3",2021,2021,"December",12,11,3767,"2.92 (Unreliable)"
"29","","Florida",12,"25-29 years","25-29","White","2106-3",2021,2021,"March",3,10,3419,"2.92 (Unreliable)"
"30","","New York",36,"30-34 years","30-34","White","2106-3",2021,2021,"July",7,13,4400,"2.95 (Unreliable)"
"31","","New York",36,"30-34 years","30-34","White","2106-3",2022,2022,"April",4,11,3715,"2.96 (Unreliable)"
"32","","California",6,"25-29 years","25-29","White","2106-3",2021,2021,"January",1,19,6249,"3.04 (Unreliable)"
"33","","California",6,"25-29 years","25-29","White","2106-3",2021,2021,"September",9,23,7531,"3.05"
"34","","Florida",12,"30-34 years","30-34","White","2106-3",2021,2021,"August",8,14,4544,"3.08 (Unreliable)"
"35","","Texas",48,"30-34 years","30-34","White","2106-3",2022,2022,"October",10,22,7140,"3.08"
"36","","California",6,"20-24 years","20-24","White","2106-3",2021,2021,"February",2,11,3534,"3.11 (Unreliable)"
"37","","Texas",48,"30-34 years","30-34","White","2106-3",2022,2022,"May",5,21,6662,"3.15"
"38","","Pennsylvania",42,"30-34 years","30-34","White","2106-3",2021,2021,"August",8,10,3166,"3.16 (Unreliable)"
"39","","Texas",48,"30-34 years","30-34","White","2106-3",2022,2022,"March",3,22,6964,"3.16"
"40","","California",6,"30-34 years","30-34","White","2106-3",2021,2021,"November",11,26,8168,"3.18"
"41","","California",6,"20-24 years","20-24","White","2106-3",2022,2022,"June",6,12,3694,"3.25 (Unreliable)"
"42","","California",6,"25-29 years","25-29","White","2106-3",2022,2022,"February",2,20,6152,"3.25"
"43","","Florida",12,"30-34 years","30-34","White","2106-3",2022,2022,"November",11,14,4304,"3.25 (Unreliable)"
"44","","California",6,"20-24 years","20-24","White","2106-3",2021,2021,"November",11,13,3994,"3.25 (Unreliable)"
"45","","Florida",12,"30-34 years","30-34","White","2106-3",2021,2021,"March",3,13,3981,"3.27 (Unreliable)"
"46","","New York",36,"30-34 years","30-34","White","2106-3",2022,2022,"August",8,14,4275,"3.27 (Unreliable)"
"47","","California",6,"30-34 years","30-34","White","2106-3",2022,2022,"May",5,26,7898,"3.29"
"48","","California",6,"25-29 years","25-29","White","2106-3",2021,2021,"December",12,24,7281,"3.30"
"49","","Florida",12,"25-29 years","25-29","White","2106-3",2022,2022,"May",5,11,3328,"3.31 (Unreliable)"
"50","","New York",36,"30-34 years","30-34","White","2106-3",2021,2021,"March",3,14,4225,"3.31 (Unreliable)"
"51","","Texas",48,"20-24 years","20-24","White","2106-3",2021,2021,"August",8,19,5730,"3.32 (Unreliable)"
"52","","Florida",12,"25-29 years","25-29","White","2106-3",2021,2021,"August",8,13,3888,"3.34 (Unreliable)"
"53","","California",6,"25-29 years","25-29","White","2106-3",2022,2022,"January",1,23,6817,"3.37"
"54","","Florida",12,"25-29 years","25-29","White","2106-3",2022,2022,"July",7,13,3830,"3.39 (Unreliable)"
"55","","Florida",12,"25-29 years","25-29","White","2106-3",2021,2021,"November",11,12,3524,"3.41 (Unreliable)"
"56","","Texas",48,"30-34 years","30-34","White","2106-3",2021,2021,"October",10,24,7021,"3.42"
"57","","California",6,"30-34 years","30-34","White","2106-3",2021,2021,"July",7,29,8425,"3.44"
"58","","California",6,"30-34 years","30-34","White","2106-3",2021,2021,"October",10,30,8577,"3.50"
"59","","California",6,"25-29 years","25-29","White","2106-3",2021,2021,"June",6,24,6856,"3.50"
"60","","California",6,"20-24 years","20-24","White","2106-3",2021,2021,"May",5,14,3981,"3.52 (Unreliable)"
"61","","Texas",48,"25-29 years","25-29","White","2106-3",2022,2022,"February",2,24,6808,"3.53"
"62","","California",6,"25-29 years","25-29","White","2106-3",2022,2022,"October",10,24,6805,"3.53"
"63","","New York",36,"30-34 years","30-34","White","2106-3",2021,2021,"May",5,15,4243,"3.54 (Unreliable)"
"64","","California",6,"30-34 years","30-34","White","2106-3",2021,2021,"December",12,30,8479,"3.54"
"65","","Florida",12,"30-34 years","30-34","White","2106-3",2022,2022,"April",4,14,3954,"3.54 (Unreliable)"
"66","","Florida",12,"25-29 years","25-29","White","2106-3",2021,2021,"January",1,12,3381,"3.55 (Unreliable)"
"67","","Texas",48,"25-29 years","25-29","White","2106-3",2021,2021,"December",12,28,7852,"3.57"
"68","","California",6,"25-29 years","25-29","White","2106-3",2021,2021,"November",11,25,6958,"3.59"
"69","","California",6,"30-34 years","30-34","White","2106-3",2021,2021,"February",2,25,6897,"3.62"
"70","","Texas",48,"30-34 years","30-34","White","2106-3",2021,2021,"January",1,22,6069,"3.62"
"71","","Pennsylvania",42,"30-34 years","30-34","White","2106-3",2022,2022,"March",3,10,2755,"3.63 (Unreliable)"
"72","","Florida",12,"30-34 years","30-34","White","2106-3",2022,2022,"December",12,16,4404,"3.63 (Unreliable)"
"73","","Texas",48,"30-34 years","30-34","White","2106-3",2021,2021,"September",9,26,7156,"3.63"
"74","","California",6,"25-29 years","25-29","White","2106-3",2022,2022,"August",8,27,7425,"3.64"
"75","","New York",36,"25-29 years","25-29","White","2106-3",2022,2022,"May",5,10,2748,"3.64 (Unreliable)"
"76","","California",6,"30-34 years","30-34","White","2106-3",2021,2021,"May",5,29,7961,"3.64"
"77","","California",6,"30-34 years","30-34","White","2106-3",2021,2021,"April",4,28,7684,"3.64"
"78","","California",6,"25-29 years","25-29","White","2106-3",2022,2022,"June",6,25,6858,"3.65"
"79","","Florida",12,"25-29 years","25-29","White","2106-3",2022,2022,"January",1,13,3563,"3.65 (Unreliable)"
"80","","California",6,"20-24 years","20-24","White","2106-3",2022,2022,"May",5,14,3822,"3.66 (Unreliable)"
"81","","California",6,"25-29 years","25-29","White","2106-3",2021,2021,"July",7,26,7097,"3.66"
"82","","California",6,"25-29 years","25-29","White","2106-3",2021,2021,"October",10,27,7300,"3.70"
"83","","Florida",12,"25-29 years","25-29","White","2106-3",2021,2021,"October",10,14,3780,"3.70 (Unreliable)"
"84","","Ohio",39,"30-34 years","30-34","White","2106-3",2021,2021,"September",9,10,2692,"3.71 (Unreliable)"
"85","","Texas",48,"25-29 years","25-29","White","2106-3",2021,2021,"November",11,28,7421,"3.77"
"86","","Texas",48,"25-29 years","25-29","White","2106-3",2021,2021,"February",2,24,6335,"3.79"
"87","","New York",36,"30-34 years","30-34","White","2106-3",2022,2022,"May",5,15,3959,"3.79 (Unreliable)"
"88","","Florida",12,"25-29 years","25-29","White","2106-3",2022,2022,"March",3,14,3694,"3.79 (Unreliable)"
"89","","Texas",48,"30-34 years","30-34","White","2106-3",2022,2022,"June",6,26,6832,"3.81"
"90","","California",6,"30-34 years","30-34","White","2106-3",2021,2021,"June",6,31,8134,"3.81"
"91","","California",6,"20-24 years","20-24","White","2106-3",2022,2022,"November",11,15,3931,"3.82 (Unreliable)"
"92","","Pennsylvania",42,"30-34 years","30-34","White","2106-3",2022,2022,"August",8,12,3121,"3.84 (Unreliable)"
"93","","Illinois",17,"30-34 years","30-34","White","2106-3",2021,2021,"August",8,12,3086,"3.89 (Unreliable)"
"94","","New York",36,"30-34 years","30-34","White","2106-3",2022,2022,"June",6,16,4108,"3.89 (Unreliable)"
"95","","California",6,"25-29 years","25-29","White","2106-3",2021,2021,"March",3,27,6930,"3.90"
"96","","Texas",48,"20-24 years","20-24","White","2106-3",2022,2022,"August",8,24,6152,"3.90"
"97","","Texas",48,"25-29 years","25-29","White","2106-3",2021,2021,"June",6,29,7426,"3.91"
"98","","California",6,"25-29 years","25-29","White","2106-3",2022,2022,"December",12,27,6904,"3.91"
"99","","California",6,"30-34 years","30-34","White","2106-3",2022,2022,"March",3,32,8164,"3.92"
"100","","Ohio",39,"30-34 years","30-34","White","2106-3",2021,2021,"April",4,10,2546,"3.93 (Unreliable)"
"101","","Florida",12,"30-34 years","30-34","White","2106-3",2022,2022,"February",2,15,3815,"3.93 (Unreliable)"
"102","","Texas",48,"25-29 years","25-29","White","2106-3",2021,2021,"October",10,30,7619,"3.94"
"103","","Ohio",39,"30-34 years","30-34","White","2106-3",2021,2021,"June",6,11,2786,"3.95 (Unreliable)"
"104","","Pennsylvania",42,"25-29 years","25-29","White","2106-3",2021,2021,"August",8,10,2521,"3.97 (Unreliable)"
"105","","Illinois",17,"30-34 years","30-34","White","2106-3",2022,2022,"May",5,11,2766,"3.98 (Unreliable)"
"106","","Texas",48,"25-29 years","25-29","White","2106-3",2022,2022,"June",6,30,7526,"3.99"
"107","","Texas",48,"30-34 years","30-34","White","2106-3",2022,2022,"September",9,29,7263,"3.99"
"108","","Michigan",26,"30-34 years","30-34","White","2106-3",2021,2021,"June",6,10,2504,"3.99 (Unreliable)"
"109","","California",6,"25-29 years","25-29","White","2106-3",2021,2021,"May",5,27,6756,"4.00"
"110","","New York",36,"25-29 years","25-29","White","2106-3",2021,2021,"June",6,12,2998,"4.00 (Unreliable)"
"111","","Illinois",17,"30-34 years","30-34","White","2106-3",2022,2022,"August",8,12,2986,"4.02 (Unreliable)"
"112","","New York",36,"25-29 years","25-29","White","2106-3",2021,2021,"February",2,10,2484,"4.03 (Unreliable)"
"113","","Florida",12,"30-34 years","30-34","White","2106-3",2021,2021,"October",10,18,4427,"4.07 (Unreliable)"
"114","","Ohio",39,"30-34 years","30-34","White","2106-3",2021,2021,"October",10,11,2683,"4.10 (Unreliable)"
"115","","Illinois",17,"30-34 years","30-34","White","2106-3",2021,2021,"January",1,10,2422,"4.13 (Unreliable)"
"116","","California",6,"25-29 years","25-29","White","2106-3",2022,2022,"May",5,27,6539,"4.13"
"117","","Texas",48,"30-34 years","30-34","White","2106-3",2022,2022,"January",1,27,6508,"4.15"
"118","","Texas",48,"25-29 years","25-29","White","2106-3",2021,2021,"August",8,33,7943,"4.15"
"119","","Texas",48,"20-24 years","20-24","White","2106-3",2021,2021,"April",4,20,4812,"4.16"
"120","","Texas",48,"30-34 years","30-34","White","2106-3",2021,2021,"August",8,30,7187,"4.17"
"121","","Texas",48,"30-34 years","30-34","White","2106-3",2022,2022,"April",4,27,6461,"4.18"
"122","","Texas",48,"30-34 years","30-34","White","2106-3",2021,2021,"April",4,25,5982,"4.18"
"123","","Florida",12,"30-34 years","30-34","White","2106-3",2021,2021,"June",6,17,4061,"4.19 (Unreliable)"
"124","","Texas",48,"25-29 years","25-29","White","2106-3",2022,2022,"November",11,32,7642,"4.19"
"125","","Illinois",17,"25-29 years","25-29","White","2106-3",2021,2021,"June",6,10,2379,"4.20 (Unreliable)"
"126","","Texas",48,"30-34 years","30-34","White","2106-3",2022,2022,"February",2,26,6175,"4.21"
"127","","Ohio",39,"25-29 years","25-29","White","2106-3",2022,2022,"June",6,11,2603,"4.23 (Unreliable)"
"128","","California",6,"25-29 years","25-29","White","2106-3",2022,2022,"July",7,30,7093,"4.23"
"129","","New York",36,"30-34 years","30-34","White","2106-3",2022,2022,"July",7,18,4243,"4.24 (Unreliable)"
"130","","Florida",12,"25-29 years","25-29","White","2106-3",2022,2022,"December",12,16,3768,"4.25 (Unreliable)"
"131","","California",6,"20-24 years","20-24","White","2106-3",2021,2021,"January",1,17,4003,"4.25 (Unreliable)"
"132","","Florida",12,"30-34 years","30-34","White","2106-3",2022,2022,"June",6,18,4222,"4.26 (Unreliable)"
"133","","Ohio",39,"30-34 years","30-34","White","2106-3",2022,2022,"October",10,11,2560,"4.30 (Unreliable)"
"134","","Texas",48,"20-24 years","20-24","White","2106-3",2021,2021,"December",12,24,5567,"4.31"
"135","","Ohio",39,"30-34 years","30-34","White","2106-3",2022,2022,"December",12,11,2550,"4.31 (Unreliable)"
"136","","Texas",48,"30-34 years","30-34","White","2106-3",2021,2021,"March",3,28,6470,"4.33"
"137","","California",6,"20-24 years","20-24","White","2106-3",2022,2022,"September",9,18,4157,"4.33 (Unreliable)"
"138","","Texas",48,"25-29 years","25-29","White","2106-3",2022,2022,"August",8,37,8527,"4.34"
"139","","Illinois",17,"25-29 years","25-29","White","2106-3",2022,2022,"August",8,10,2301,"4.35 (Unreliable)"
"140","","California",6,"20-24 years","20-24","White","2106-3",2022,2022,"October",10,18,4138,"4.35 (Unreliable)"
"141","","Ohio",39,"30-34 years","30-34","White","2106-3",2022,2022,"May",5,11,2528,"4.35 (Unreliable)"
"142","","Ohio",39,"25-29 years","25-29","White","2106-3",2021,2021,"July",7,12,2745,"4.37 (Unreliable)"
"143","","Texas",48,"20-24 years","20-24","White","2106-3",2021,2021,"September",9,26,5938,"4.38"
"144","","Florida",12,"30-34 years","30-34","White","2106-3",2022,2022,"March",3,19,4336,"4.38 (Unreliable)"
"145","","California",6,"20-24 years","20-24","White","2106-3",2022,2022,"January",1,18,4097,"4.39 (Unreliable)"
"146","","Pennsylvania",42,"30-34 years","30-34","White","2106-3",2021,2021,"November",11,12,2731,"4.39 (Unreliable)"
"147","","Texas",48,"25-29 years","25-29","White","2106-3",2021,2021,"September",9,35,7962,"4.40"
"148","","New York",36,"25-29 years","25-29","White","2106-3",2021,2021,"January",1,11,2495,"4.41 (Unreliable)"
"149","","Pennsylvania",42,"25-29 years","25-29","White","2106-3",2022,2022,"December",12,10,2268,"4.41 (Unreliable)"
"150","","Pennsylvania",42,"25-29 years","25-29","White","2106-3",2022,2022,"May",5,10,2266,"4.41 (Unreliable)"
"151","","Michigan",26,"30-34 years","30-34","White","2106-3",2021,2021,"July",7,11,2492,"4.41 (Unreliable)"
"152","","Florida",12,"25-29 years","25-29","White","2106-3",2021,2021,"June",6,15,3395,"4.42 (Unreliable)"
"153","","Texas",48,"20-24 years","20-24","White","2106-3",2022,2022,"February",2,21,4752,"4.42"
"154","","Michigan",26,"25-29 years","25-29","White","2106-3",2021,2021,"July",7,10,2257,"4.43 (Unreliable)"
"155","","California",6,"25-29 years","25-29","White","2106-3",2021,2021,"August",8,34,7667,"4.43"
"156","","Texas",48,"30-34 years","30-34","White","2106-3",2021,2021,"May",5,28,6305,"4.44"
"157","","Texas",48,"20-24 years","20-24","White","2106-3",2022,2022,"September",9,26,5851,"4.44"
"158","","Florida",12,"25-29 years","25-29","White","2106-3",2022,2022,"April",4,15,3358,"4.47 (Unreliable)"
"159","","California",6,"20-24 years","20-24","White","2106-3",2021,2021,"April",4,17,3803,"4.47 (Unreliable)"
"160","","Florida",12,"25-29 years","25-29","White","2106-3",2022,2022,"November",11,17,3790,"4.49 (Unreliable)"
"161","","Pennsylvania",42,"30-34 years","30-34","White","2106-3",2021,2021,"June",6,14,3111,"4.50 (Unreliable)"
"162","","Illinois",17,"30-34 years","30-34","White","2106-3",2022,2022,"December",12,12,2657,"4.52 (Unreliable)"
"163","","California",6,"20-24 years","20-24","White","2106-3",2022,2022,"December",12,18,3985,"4.52 (Unreliable)"
"164","","New York",36,"25-29 years","25-29","White","2106-3",2022,2022,"December",12,12,2650,"4.53 (Unreliable)"
"165","","Illinois",17,"30-34 years","30-34","White","2106-3",2021,2021,"October",10,13,2862,"4.54 (Unreliable)"
"166","","Ohio",39,"25-29 years","25-29","White","2106-3",2022,2022,"November",11,11,2403,"4.58 (Unreliable)"
"167","","California",6,"20-24 years","20-24","White","2106-3",2022,2022,"April",4,17,3707,"4.59 (Unreliable)"
"168","","Texas",48,"25-29 years","25-29","White","2106-3",2022,2022,"October",10,35,7599,"4.61"
"169","","California",6,"30-34 years","30-34","Asian","A",2022,2022,"July",7,10,2169,"4.61 (Unreliable)"
"170","","Florida",12,"20-24 years","20-24","White","2106-3",2022,2022,"November",11,10,2167,"4.61 (Unreliable)"
"171","","Michigan",26,"25-29 years","25-29","White","2106-3",2021,2021,"June",6,10,2160,"4.63 (Unreliable)"
"172","","Texas",48,"20-24 years","20-24","White","2106-3",2021,2021,"March",3,24,5182,"4.63"
"173","","California",6,"30-34 years","30-34","White","2106-3",2022,2022,"December",12,38,8203,"4.63"
"174","","Texas",48,"30-34 years","30-34","White","2106-3",2022,2022,"July",7,33,7112,"4.64"
"175","","Texas",48,"25-29 years","25-29","White","2106-3",2022,2022,"September",9,37,7950,"4.65"
"176","","Florida",12,"30-34 years","30-34","White","2106-3",2021,2021,"May",5,18,3865,"4.66 (Unreliable)"
"177","","Texas",48,"30-34 years","30-34","White","2106-3",2021,2021,"June",6,31,6652,"4.66"
"178","","Texas",48,"25-29 years","25-29","White","2106-3",2022,2022,"March",3,35,7498,"4.67"
"179","","Pennsylvania",42,"25-29 years","25-29","White","2106-3",2022,2022,"January",1,10,2133,"4.69 (Unreliable)"
"180","","Florida",12,"30-34 years","30-34","White","2106-3",2022,2022,"September",9,20,4254,"4.70"
"181","","Pennsylvania",42,"30-34 years","30-34","White","2106-3",2021,2021,"January",1,12,2549,"4.71 (Unreliable)"
"182","","Ohio",39,"25-29 years","25-29","White","2106-3",2022,2022,"October",10,12,2548,"4.71 (Unreliable)"
"183","","Texas",48,"30-34 years","30-34","White","2106-3",2022,2022,"December",12,34,7194,"4.73"
"184","","California",6,"20-24 years","20-24","White","2106-3",2022,2022,"July",7,20,4225,"4.73"
"185","","Pennsylvania",42,"30-34 years","30-34","White","2106-3",2021,2021,"December",12,13,2727,"4.77 (Unreliable)"
"186","","Texas",48,"25-29 years","25-29","White","2106-3",2022,2022,"April",4,33,6921,"4.77"
"187","","Texas",48,"25-29 years","25-29","White","2106-3",2022,2022,"July",7,38,7968,"4.77"
"188","","Florida",12,"30-34 years","30-34","White","2106-3",2022,2022,"July",7,21,4395,"4.78"
"189","","Pennsylvania",42,"25-29 years","25-29","White","2106-3",2021,2021,"May",5,11,2301,"4.78 (Unreliable)"
"190","","Florida",12,"30-34 years","30-34","White","2106-3",2022,2022,"August",8,23,4800,"4.79"
"191","","Texas",48,"20-24 years","20-24","White","2106-3",2022,2022,"November",11,27,5633,"4.79"
"192","","Texas",48,"30-34 years","30-34","White","2106-3",2021,2021,"February",2,27,5630,"4.80"
"193","","Florida",12,"20-24 years","20-24","White","2106-3",2022,2022,"March",3,10,2085,"4.80 (Unreliable)"
"194","","Florida",12,"30-34 years","30-34","White","2106-3",2022,2022,"January",1,20,4155,"4.81"
"195","","Ohio",39,"30-34 years","30-34","White","2106-3",2021,2021,"August",8,13,2700,"4.81 (Unreliable)"
"196","","California",6,"20-24 years","20-24","White","2106-3",2022,2022,"March",3,19,3941,"4.82 (Unreliable)"
"197","","Pennsylvania",42,"25-29 years","25-29","White","2106-3",2022,2022,"August",8,12,2488,"4.82 (Unreliable)"
"198","","Pennsylvania",42,"30-34 years","30-34","White","2106-3",2021,2021,"March",3,14,2902,"4.82 (Unreliable)"
"199","","Ohio",39,"25-29 years","25-29","White","2106-3",2022,2022,"December",12,12,2486,"4.83 (Unreliable)"
"200","","Florida",12,"20-24 years","20-24","White","2106-3",2021,2021,"October",10,11,2278,"4.83 (Unreliable)"
"201","","California",6,"30-34 years","30-34","White","2106-3",2021,2021,"January",1,35,7248,"4.83"
"202","","North Carolina",37,"30-34 years","30-34","White","2106-3",2021,2021,"November",11,10,2067,"4.84 (Unreliable)"
"203","","Ohio",39,"30-34 years","30-34","White","2106-3",2022,2022,"September",9,12,2479,"4.84 (Unreliable)"
"204","","Florida",12,"20-24 years","20-24","White","2106-3",2021,2021,"November",11,10,2065,"4.84 (Unreliable)"
"205","","Michigan",26,"25-29 years","25-29","White","2106-3",2022,2022,"July",7,10,2060,"4.85 (Unreliable)"
"206","","North Carolina",37,"30-34 years","30-34","White","2106-3",2022,2022,"April",4,10,2060,"4.85 (Unreliable)"
"207","","California",6,"20-24 years","20-24","White","2106-3",2021,2021,"September",9,21,4312,"4.87"
"208","","Michigan",26,"30-34 years","30-34","White","2106-3",2022,2022,"May",5,11,2253,"4.88 (Unreliable)"
"209","","North Carolina",37,"30-34 years","30-34","White","2106-3",2022,2022,"May",5,10,2041,"4.90 (Unreliable)"
"210","","Texas",48,"25-29 years","25-29","White","2106-3",2021,2021,"May",5,34,6929,"4.91"
"211","","Pennsylvania",42,"30-34 years","30-34","White","2106-3",2022,2022,"July",7,15,3056,"4.91 (Unreliable)"
"212","","Florida",12,"25-29 years","25-29","White","2106-3",2021,2021,"September",9,19,3868,"4.91 (Unreliable)"
"213","","Illinois",17,"30-34 years","30-34","White","2106-3",2022,2022,"February",2,12,2433,"4.93 (Unreliable)"
"214","","Ohio",39,"30-34 years","30-34","White","2106-3",2021,2021,"February",2,11,2229,"4.93 (Unreliable)"
"215","","California",6,"30-34 years","30-34","White","2106-3",2022,2022,"August",8,44,8904,"4.94"
"216","","Texas",48,"25-29 years","25-29","White","2106-3",2022,2022,"December",12,39,7883,"4.95"
"217","","Illinois",17,"25-29 years","25-29","White","2106-3",2021,2021,"March",3,11,2223,"4.95 (Unreliable)"
"218","","Pennsylvania",42,"25-29 years","25-29","White","2106-3",2022,2022,"September",9,12,2415,"4.97 (Unreliable)"
"219","","Texas",48,"25-29 years","25-29","White","2106-3",2021,2021,"April",4,34,6822,"4.98"
"220","","Texas",48,"30-34 years","30-34","White","2106-3",2022,2022,"August",8,39,7824,"4.98"
"221","","Ohio",39,"30-34 years","30-34","White","2106-3",2022,2022,"August",8,14,2807,"4.99 (Unreliable)"
"222","","New York",36,"25-29 years","25-29","White","2106-3",2021,2021,"August",8,15,3003,"5.00 (Unreliable)"
"223","","New Jersey",34,"30-34 years","30-34","White","2106-3",2022,2022,"August",8,12,2401,"5.00 (Unreliable)"
"224","","North Carolina",37,"25-29 years","25-29","White","2106-3",2021,2021,"September",9,10,1998,"5.01 (Unreliable)"
"225","","Pennsylvania",42,"25-29 years","25-29","White","2106-3",2021,2021,"December",12,11,2196,"5.01 (Unreliable)"
"226","","California",6,"20-24 years","20-24","White","2106-3",2021,2021,"August",8,22,4391,"5.01"
"227","","North Carolina",37,"25-29 years","25-29","White","2106-3",2021,2021,"July",7,10,1995,"5.01 (Unreliable)"
"228","","California",6,"20-24 years","20-24","White","2106-3",2021,2021,"June",6,20,3987,"5.02"
"229","","Pennsylvania",42,"30-34 years","30-34","White","2106-3",2022,2022,"June",6,15,2978,"5.04 (Unreliable)"
"230","","North Carolina",37,"25-29 years","25-29","White","2106-3",2021,2021,"June",6,10,1979,"5.05 (Unreliable)"
"231","","Texas",48,"20-24 years","20-24","White","2106-3",2021,2021,"June",6,26,5138,"5.06"
"232","","Florida",12,"25-29 years","25-29","White","2106-3",2021,2021,"April",4,17,3357,"5.06 (Unreliable)"
"233","","Ohio",39,"30-34 years","30-34","White","2106-3",2022,2022,"July",7,13,2566,"5.07 (Unreliable)"
"234","","Pennsylvania",42,"25-29 years","25-29","White","2106-3",2021,2021,"July",7,13,2563,"5.07 (Unreliable)"
"235","","Michigan",26,"25-29 years","25-29","White","2106-3",2021,2021,"October",10,10,1962,"5.10 (Unreliable)"
"236","","Pennsylvania",42,"30-34 years","30-34","White","2106-3",2022,2022,"November",11,14,2741,"5.11 (Unreliable)"
"237","","New York",36,"25-29 years","25-29","White","2106-3",2022,2022,"August",8,15,2934,"5.11 (Unreliable)"
"238","","Ohio",39,"25-29 years","25-29","White","2106-3",2022,2022,"May",5,13,2507,"5.19 (Unreliable)"
"239","","Ohio",39,"25-29 years","25-29","White","2106-3",2021,2021,"September",9,14,2695,"5.19 (Unreliable)"
"240","","Illinois",17,"25-29 years","25-29","White","2106-3",2021,2021,"October",10,11,2117,"5.20 (Unreliable)"
"241","","Florida",12,"20-24 years","20-24","White","2106-3",2022,2022,"May",5,10,1918,"5.21 (Unreliable)"
"242","","Illinois",17,"30-34 years","30-34","White","2106-3",2021,2021,"April",4,15,2875,"5.22 (Unreliable)"
"243","","Texas",48,"30-34 years","30-34","White","2106-3",2021,2021,"July",7,37,7089,"5.22"
"244","","Illinois",17,"25-29 years","25-29","White","2106-3",2022,2022,"November",11,11,2099,"5.24 (Unreliable)"
"245","","Michigan",26,"30-34 years","30-34","White","2106-3",2021,2021,"December",12,11,2097,"5.25 (Unreliable)"
"246","","Ohio",39,"25-29 years","25-29","White","2106-3",2021,2021,"June",6,14,2667,"5.25 (Unreliable)"
"247","","North Carolina",37,"25-29 years","25-29","White","2106-3",2022,2022,"March",3,10,1902,"5.26 (Unreliable)"
"248","","Ohio",39,"25-29 years","25-29","White","2106-3",2022,2022,"April",4,13,2465,"5.27 (Unreliable)"
"249","","Texas",48,"30-34 years","30-34","White","2106-3",2022,2022,"November",11,37,7014,"5.28"
"250","","Florida",12,"30-34 years","30-34","White","2106-3",2022,2022,"October",10,23,4358,"5.28"
"251","","Texas",48,"25-29 years","25-29","White","2106-3",2021,2021,"January",1,35,6629,"5.28"
"252","","Michigan",26,"30-34 years","30-34","White","2106-3",2021,2021,"May",5,12,2271,"5.28 (Unreliable)"
"253","","California",6,"25-29 years","25-29","White","2106-3",2022,2022,"April",4,33,6237,"5.29"
"254","","Florida",12,"25-29 years","25-29","White","2106-3",2021,2021,"July",7,19,3586,"5.30 (Unreliable)"
"255","","Virginia",51,"30-34 years","30-34","White","2106-3",2021,2021,"September",9,10,1886,"5.30 (Unreliable)"
"256","","Ohio",39,"25-29 years","25-29","White","2106-3",2021,2021,"April",4,13,2450,"5.31 (Unreliable)"
"257","","Texas",48,"25-29 years","25-29","White","2106-3",2022,2022,"May",5,37,6950,"5.32"
"258","","North Carolina",37,"25-29 years","25-29","White","2106-3",2022,2022,"June",6,10,1876,"5.33 (Unreliable)"
"259","","Illinois",17,"30-34 years","30-34","White","2106-3",2022,2022,"April",4,14,2621,"5.34 (Unreliable)"
"260","","Florida",12,"20-24 years","20-24","White","2106-3",2022,2022,"June",6,11,2058,"5.34 (Unreliable)"
"261","","California",6,"20-24 years","20-24","White","2106-3",2022,2022,"August",8,23,4299,"5.35"
"262","","North Carolina",37,"25-29 years","25-29","White","2106-3",2021,2021,"November",11,10,1866,"5.36 (Unreliable)"
"263","","North Carolina",37,"25-29 years","25-29","White","2106-3",2022,2022,"November",11,10,1861,"5.37 (Unreliable)"
"264","","Texas",48,"20-24 years","20-24","White","2106-3",2022,2022,"January",1,29,5387,"5.38"
"265","","Illinois",17,"25-29 years","25-29","White","2106-3",2021,2021,"May",5,12,2227,"5.39 (Unreliable)"
"266","","Florida",12,"25-29 years","25-29","White","2106-3",2022,2022,"June",6,19,3514,"5.41 (Unreliable)"
"267","","North Carolina",37,"25-29 years","25-29","White","2106-3",2022,2022,"July",7,11,2031,"5.42 (Unreliable)"
"268","","North Carolina",37,"25-29 years","25-29","White","2106-3",2022,2022,"May",5,10,1845,"5.42 (Unreliable)"
"269","","Ohio",39,"30-34 years","30-34","White","2106-3",2021,2021,"January",1,12,2211,"5.43 (Unreliable)"
"270","","Florida",12,"30-34 years","30-34","White","2106-3",2022,2022,"May",5,22,4050,"5.43"
"271","","New York",36,"25-29 years","25-29","White","2106-3",2022,2022,"January",1,14,2567,"5.45 (Unreliable)"
"272","","Florida",12,"30-34 years","30-34","White","2106-3",2021,2021,"February",2,20,3664,"5.46"
"273","","Ohio",39,"25-29 years","25-29","White","2106-3",2021,2021,"October",10,14,2561,"5.47 (Unreliable)"
"274","","Virginia",51,"30-34 years","30-34","White","2106-3",2022,2022,"March",3,10,1819,"5.50 (Unreliable)"
"275","","Ohio",39,"25-29 years","25-29","White","2106-3",2022,2022,"July",7,15,2723,"5.51 (Unreliable)"
"276","","Florida",12,"30-34 years","30-34","White","2106-3",2021,2021,"July",7,23,4175,"5.51"
"277","","Illinois",17,"25-29 years","25-29","White","2106-3",2021,2021,"April",4,12,2173,"5.52 (Unreliable)"
"278","","Florida",12,"20-24 years","20-24","White","2106-3",2021,2021,"December",12,12,2170,"5.53 (Unreliable)"
"279","","Illinois",17,"25-29 years","25-29","White","2106-3",2021,2021,"July",7,13,2347,"5.54 (Unreliable)"
"280","","Florida",12,"25-29 years","25-29","White","2106-3",2022,2022,"August",8,23,4145,"5.55"
"281","","California",6,"20-24 years","20-24","White","2106-3",2021,2021,"July",7,23,4143,"5.55"
"282","","North Carolina",37,"25-29 years","25-29","White","2106-3",2022,2022,"August",8,12,2159,"5.56 (Unreliable)"
"283","","Pennsylvania",42,"30-34 years","30-34","White","2106-3",2022,2022,"December",12,15,2678,"5.60 (Unreliable)"
"284","","North Carolina",37,"30-34 years","30-34","White","2106-3",2021,2021,"September",9,12,2136,"5.62 (Unreliable)"
"285","","North Carolina",37,"25-29 years","25-29","White","2106-3",2022,2022,"February",2,10,1766,"5.66 (Unreliable)"
"286","","Ohio",39,"30-34 years","30-34","White","2106-3",2022,2022,"March",3,15,2637,"5.69 (Unreliable)"
"287","","California",6,"20-24 years","20-24","White","2106-3",2021,2021,"December",12,24,4196,"5.72"
"288","","North Carolina",37,"30-34 years","30-34","White","2106-3",2021,2021,"May",5,12,2091,"5.74 (Unreliable)"
"289","","Indiana",18,"25-29 years","25-29","White","2106-3",2021,2021,"December",12,10,1742,"5.74 (Unreliable)"
"290","","Florida",12,"25-29 years","25-29","White","2106-3",2022,2022,"February",2,19,3309,"5.74 (Unreliable)"
"291","","North Carolina",37,"25-29 years","25-29","White","2106-3",2021,2021,"October",10,11,1913,"5.75 (Unreliable)"
"292","","Florida",12,"20-24 years","20-24","White","2106-3",2022,2022,"February",2,11,1912,"5.75 (Unreliable)"
"293","","Michigan",26,"25-29 years","25-29","White","2106-3",2022,2022,"August",8,12,2085,"5.76 (Unreliable)"
"294","","Michigan",26,"25-29 years","25-29","White","2106-3",2022,2022,"April",4,11,1907,"5.77 (Unreliable)"
"295","","Pennsylvania",42,"30-34 years","30-34","White","2106-3",2021,2021,"October",10,17,2947,"5.77 (Unreliable)"
"296","","Georgia",13,"25-29 years","25-29","White","2106-3",2022,2022,"March",3,10,1726,"5.79 (Unreliable)"
"297","","Ohio",39,"25-29 years","25-29","White","2106-3",2021,2021,"November",11,14,2414,"5.80 (Unreliable)"
"298","","Michigan",26,"30-34 years","30-34","White","2106-3",2022,2022,"October",10,12,2069,"5.80 (Unreliable)"
"299","","New York",36,"25-29 years","25-29","White","2106-3",2021,2021,"November",11,15,2586,"5.80 (Unreliable)"
"300","","North Carolina",37,"30-34 years","30-34","White","2106-3",2022,2022,"October",10,12,2067,"5.81 (Unreliable)"
"301","","Florida",12,"30-34 years","30-34","White","2106-3",2021,2021,"April",4,22,3788,"5.81"
"302","","Texas",48,"25-29 years","25-29","White","2106-3",2021,2021,"March",3,41,7039,"5.82"
"303","","Texas",48,"20-24 years","20-24","White","2106-3",2021,2021,"July",7,32,5482,"5.84"
"304","","Indiana",18,"25-29 years","25-29","White","2106-3",2022,2022,"June",6,10,1713,"5.84 (Unreliable)"
"305","","Ohio",39,"30-34 years","30-34","White","2106-3",2021,2021,"March",3,15,2563,"5.85 (Unreliable)"
"306","","Georgia",13,"25-29 years","25-29","White","2106-3",2021,2021,"August",8,11,1879,"5.85 (Unreliable)"
"307","","Ohio",39,"25-29 years","25-29","White","2106-3",2022,2022,"September",9,15,2538,"5.91 (Unreliable)"
"308","","Texas",48,"20-24 years","20-24","White","2106-3",2022,2022,"July",7,33,5583,"5.91"
"309","","Texas",48,"20-24 years","20-24","White","2106-3",2021,2021,"May",5,29,4903,"5.91"
"310","","Arizona",4,"30-34 years","30-34","White","2106-3",2021,2021,"September",9,10,1688,"5.92 (Unreliable)"
"311","","Michigan",26,"25-29 years","25-29","White","2106-3",2022,2022,"June",6,12,2022,"5.93 (Unreliable)"
"312","","Ohio",39,"25-29 years","25-29","White","2106-3",2021,2021,"August",8,16,2692,"5.94 (Unreliable)"
"313","","Indiana",18,"30-34 years","30-34","White","2106-3",2021,2021,"July",7,10,1682,"5.95 (Unreliable)"
"314","","Georgia",13,"25-29 years","25-29","White","2106-3",2021,2021,"December",12,11,1847,"5.96 (Unreliable)"
"315","","New York",36,"20-24 years","20-24","White","2106-3",2022,2022,"March",3,10,1679,"5.96 (Unreliable)"
"316","","Florida",12,"20-24 years","20-24","White","2106-3",2021,2021,"March",3,12,2006,"5.98 (Unreliable)"
"317","","Ohio",39,"30-34 years","30-34","White","2106-3",2022,2022,"February",2,13,2173,"5.98 (Unreliable)"
"318","","Texas",48,"25-29 years","25-29","White","2106-3",2022,2022,"January",1,44,7352,"5.98"
"319","","Indiana",18,"25-29 years","25-29","White","2106-3",2022,2022,"August",8,12,2005,"5.99 (Unreliable)"
"320","","Ohio",39,"25-29 years","25-29","White","2106-3",2022,2022,"January",1,13,2168,"6.00 (Unreliable)"
"321","","Illinois",17,"25-29 years","25-29","White","2106-3",2021,2021,"November",11,12,1996,"6.01 (Unreliable)"
"322","","Indiana",18,"25-29 years","25-29","White","2106-3",2021,2021,"March",3,10,1661,"6.02 (Unreliable)"
"323","","Indiana",18,"25-29 years","25-29","White","2106-3",2021,2021,"November",11,10,1660,"6.02 (Unreliable)"
"324","","New York",36,"20-24 years","20-24","White","2106-3",2022,2022,"October",10,10,1660,"6.02 (Unreliable)"
"325","","Arizona",4,"30-34 years","30-34","White","2106-3",2022,2022,"December",12,10,1656,"6.04 (Unreliable)"
"326","","Arizona",4,"25-29 years","25-29","White","2106-3",2022,2022,"January",1,10,1649,"6.06 (Unreliable)"
"327","","New York",36,"20-24 years","20-24","White","2106-3",2021,2021,"August",8,10,1648,"6.07 (Unreliable)"
"328","","Texas",48,"20-24 years","20-24","White","2106-3",2022,2022,"May",5,30,4944,"6.07"
"329","","Ohio",39,"30-34 years","30-34","White","2106-3",2021,2021,"November",11,15,2467,"6.08 (Unreliable)"
"330","","California",6,"20-24 years","20-24","White","2106-3",2021,2021,"October",10,26,4275,"6.08"
"331","","California",6,"20-24 years","20-24","White","2106-3",2022,2022,"February",2,22,3605,"6.10"
"332","","California",6,"30-34 years","30-34","Asian","A",2021,2021,"February",2,11,1798,"6.12 (Unreliable)"
"333","","Texas",48,"20-24 years","20-24","White","2106-3",2022,2022,"March",3,33,5372,"6.14"
"334","","Georgia",13,"25-29 years","25-29","White","2106-3",2022,2022,"May",5,11,1790,"6.15 (Unreliable)"
"335","","Florida",12,"25-29 years","25-29","White","2106-3",2021,2021,"May",5,21,3408,"6.16"
"336","","Illinois",17,"25-29 years","25-29","White","2106-3",2021,2021,"February",2,12,1942,"6.18 (Unreliable)"
"337","","Michigan",26,"25-29 years","25-29","White","2106-3",2021,2021,"January",1,11,1774,"6.20 (Unreliable)"
"338","","Pennsylvania",42,"30-34 years","30-34","White","2106-3",2022,2022,"January",1,17,2734,"6.22 (Unreliable)"
"339","","Texas",48,"20-24 years","20-24","White","2106-3",2022,2022,"December",12,37,5915,"6.26"
"340","","Texas",48,"20-24 years","20-24","White","2106-3",2022,2022,"October",10,35,5562,"6.29"
"341","","Texas",48,"20-24 years","20-24","White","2106-3",2021,2021,"November",11,34,5392,"6.31"
"342","","Virginia",51,"30-34 years","30-34","White","2106-3",2022,2022,"October",10,11,1743,"6.31 (Unreliable)"
"343","","California",6,"20-24 years","20-24","White","2106-3",2021,2021,"March",3,25,3955,"6.32"
"344","","North Carolina",37,"25-29 years","25-29","White","2106-3",2021,2021,"April",4,12,1888,"6.36 (Unreliable)"
"345","","Tennessee",47,"25-29 years","25-29","White","2106-3",2022,2022,"September",9,11,1725,"6.38 (Unreliable)"
"346","","Ohio",39,"20-24 years","20-24","White","2106-3",2022,2022,"June",6,10,1564,"6.39 (Unreliable)"
"347","","Ohio",39,"30-34 years","30-34","White","2106-3",2022,2022,"November",11,16,2500,"6.40 (Unreliable)"
"348","","Virginia",51,"30-34 years","30-34","White","2106-3",2021,2021,"December",12,11,1718,"6.40 (Unreliable)"
"349","","Indiana",18,"25-29 years","25-29","White","2106-3",2021,2021,"July",7,12,1868,"6.42 (Unreliable)"
"350","","New York",36,"20-24 years","20-24","White","2106-3",2021,2021,"September",9,11,1706,"6.45 (Unreliable)"
"351","","Arizona",4,"30-34 years","30-34","White","2106-3",2022,2022,"August",8,10,1546,"6.47 (Unreliable)"
"352","","Texas",48,"15-19 years","15-19","White","2106-3",2022,2022,"November",11,10,1545,"6.47 (Unreliable)"
"353","","Georgia",13,"25-29 years","25-29","White","2106-3",2022,2022,"September",9,12,1854,"6.47 (Unreliable)"
"354","","Georgia",13,"25-29 years","25-29","White","2106-3",2021,2021,"November",11,11,1697,"6.48 (Unreliable)"
"355","","Tennessee",47,"30-34 years","30-34","White","2106-3",2022,2022,"August",8,10,1540,"6.49 (Unreliable)"
"356","","Arizona",4,"25-29 years","25-29","White","2106-3",2021,2021,"March",3,10,1539,"6.50 (Unreliable)"
"357","","New York",36,"20-24 years","20-24","White","2106-3",2021,2021,"December",12,11,1687,"6.52 (Unreliable)"
"358","","Pennsylvania",42,"25-29 years","25-29","White","2106-3",2022,2022,"July",7,16,2453,"6.52 (Unreliable)"
"359","","Florida",12,"20-24 years","20-24","White","2106-3",2021,2021,"April",4,13,1989,"6.54 (Unreliable)"
"360","","Texas",48,"20-24 years","20-24","White","2106-3",2022,2022,"June",6,35,5302,"6.60"
"361","","Florida",12,"20-24 years","20-24","White","2106-3",2021,2021,"August",8,15,2260,"6.64 (Unreliable)"
"362","","Texas",48,"15-19 years","15-19","White","2106-3",2021,2021,"August",8,10,1504,"6.65 (Unreliable)"
"363","","North Carolina",37,"25-29 years","25-29","White","2106-3",2022,2022,"October",10,13,1944,"6.69 (Unreliable)"
"364","","Pennsylvania",42,"25-29 years","25-29","White","2106-3",2022,2022,"March",3,15,2233,"6.72 (Unreliable)"
"365","","Ohio",39,"20-24 years","20-24","White","2106-3",2022,2022,"December",12,11,1637,"6.72 (Unreliable)"
"366","","Texas",48,"15-19 years","15-19","White","2106-3",2022,2022,"September",9,10,1487,"6.72 (Unreliable)"
"367","","Georgia",13,"30-34 years","30-34","White","2106-3",2022,2022,"May",5,11,1635,"6.73 (Unreliable)"
"368","","Texas",48,"20-24 years","20-24","White","2106-3",2021,2021,"January",1,33,4900,"6.73"
"369","","Florida",12,"20-24 years","20-24","White","2106-3",2021,2021,"May",5,13,1928,"6.74 (Unreliable)"
"370","","Indiana",18,"30-34 years","30-34","White","2106-3",2022,2022,"May",5,10,1479,"6.76 (Unreliable)"
"371","","Michigan",26,"30-34 years","30-34","White","2106-3",2022,2022,"December",12,14,2064,"6.78 (Unreliable)"
"372","","Ohio",39,"20-24 years","20-24","White","2106-3",2022,2022,"March",3,10,1470,"6.80 (Unreliable)"
"373","","Virginia",51,"25-29 years","25-29","White","2106-3",2022,2022,"September",9,10,1468,"6.81 (Unreliable)"
"374","","Indiana",18,"25-29 years","25-29","White","2106-3",2022,2022,"December",12,12,1761,"6.81 (Unreliable)"
"375","","Virginia",51,"30-34 years","30-34","White","2106-3",2021,2021,"January",1,11,1610,"6.83 (Unreliable)"
"376","","Florida",12,"25-29 years","25-29","White","2106-3",2021,2021,"February",2,22,3201,"6.87"
"377","","Ohio",39,"20-24 years","20-24","White","2106-3",2021,2021,"October",10,11,1592,"6.91 (Unreliable)"
"378","","Ohio",39,"20-24 years","20-24","White","2106-3",2021,2021,"March",3,11,1589,"6.92 (Unreliable)"
"379","","Florida",12,"20-24 years","20-24","White","2106-3",2022,2022,"October",10,15,2158,"6.95 (Unreliable)"
"380","","Ohio",39,"20-24 years","20-24","White","2106-3",2021,2021,"August",8,12,1724,"6.96 (Unreliable)"
"381","","Ohio",39,"25-29 years","25-29","White","2106-3",2021,2021,"May",5,18,2576,"6.99 (Unreliable)"
"382","","Georgia",13,"25-29 years","25-29","White","2106-3",2021,2021,"March",3,12,1716,"6.99 (Unreliable)"
"383","","Arizona",4,"25-29 years","25-29","White","2106-3",2022,2022,"June",6,11,1565,"7.03 (Unreliable)"
"384","","Michigan",26,"30-34 years","30-34","White","2106-3",2021,2021,"February",2,13,1848,"7.03 (Unreliable)"
"385","","Virginia",51,"25-29 years","25-29","White","2106-3",2021,2021,"August",8,11,1556,"7.07 (Unreliable)"
"386","","Wisconsin",55,"25-29 years","25-29","White","2106-3",2021,2021,"August",8,10,1412,"7.08 (Unreliable)"
"387","","Virginia",51,"25-29 years","25-29","White","2106-3",2021,2021,"May",5,10,1407,"7.11 (Unreliable)"
"388","","Texas",48,"20-24 years","20-24","White","2106-3",2022,2022,"April",4,35,4923,"7.11"
"389","","Tennessee",47,"25-29 years","25-29","White","2106-3",2022,2022,"December",12,12,1686,"7.12 (Unreliable)"
"390","","Tennessee",47,"30-34 years","30-34","White","2106-3",2022,2022,"January",1,10,1403,"7.13 (Unreliable)"
"391","","Virginia",51,"30-34 years","30-34","White","2106-3",2022,2022,"August",8,14,1963,"7.13 (Unreliable)"
"392","","Florida",12,"20-24 years","20-24","White","2106-3",2021,2021,"July",7,15,2099,"7.15 (Unreliable)"
"393","","Tennessee",47,"25-29 years","25-29","White","2106-3",2022,2022,"November",11,11,1539,"7.15 (Unreliable)"
"394","","Wisconsin",55,"30-34 years","30-34","White","2106-3",2022,2022,"March",3,11,1537,"7.16 (Unreliable)"
"395","","Ohio",39,"20-24 years","20-24","White","2106-3",2021,2021,"April",4,11,1537,"7.16 (Unreliable)"
"396","","Tennessee",47,"30-34 years","30-34","White","2106-3",2021,2021,"April",4,10,1382,"7.24 (Unreliable)"
"397","","Georgia",13,"25-29 years","25-29","White","2106-3",2022,2022,"July",7,14,1919,"7.30 (Unreliable)"
"398","","Virginia",51,"30-34 years","30-34","White","2106-3",2021,2021,"May",5,14,1916,"7.31 (Unreliable)"
"399","","Texas",48,"15-19 years","15-19","White","2106-3",2022,2022,"July",7,11,1501,"7.33 (Unreliable)"
"400","","Missouri",29,"30-34 years","30-34","White","2106-3",2022,2022,"July",7,10,1363,"7.34 (Unreliable)"
"401","","Ohio",39,"20-24 years","20-24","White","2106-3",2022,2022,"July",7,12,1629,"7.37 (Unreliable)"
"402","","Texas",48,"15-19 years","15-19","White","2106-3",2021,2021,"September",9,12,1624,"7.39 (Unreliable)"
"403","","Indiana",18,"25-29 years","25-29","White","2106-3",2021,2021,"June",6,14,1888,"7.42 (Unreliable)"
"404","","Ohio",39,"20-24 years","20-24","White","2106-3",2022,2022,"November",11,11,1482,"7.42 (Unreliable)"
"405","","Georgia",13,"30-34 years","30-34","White","2106-3",2021,2021,"April",4,13,1745,"7.45 (Unreliable)"
"406","","Ohio",39,"20-24 years","20-24","White","2106-3",2021,2021,"June",6,12,1608,"7.46 (Unreliable)"
"407","","Arizona",4,"30-34 years","30-34","White","2106-3",2021,2021,"January",1,10,1338,"7.47 (Unreliable)"
"408","","Pennsylvania",42,"25-29 years","25-29","White","2106-3",2022,2022,"June",6,17,2269,"7.49 (Unreliable)"
"409","","Arizona",4,"30-34 years","30-34","White","2106-3",2022,2022,"June",6,11,1464,"7.51 (Unreliable)"
"410","","Florida",12,"30-34 years","30-34","Black or African American","2054-5",2022,2022,"August",8,10,1327,"7.54 (Unreliable)"
"411","","Ohio",39,"20-24 years","20-24","White","2106-3",2022,2022,"August",8,13,1724,"7.54 (Unreliable)"
"412","","Florida",12,"25-29 years","25-29","Black or African American","2054-5",2022,2022,"December",12,10,1321,"7.57 (Unreliable)"
"413","","Missouri",29,"25-29 years","25-29","White","2106-3",2022,2022,"June",6,11,1452,"7.58 (Unreliable)"
"414","","Ohio",39,"30-34 years","30-34","White","2106-3",2021,2021,"July",7,21,2766,"7.59"
"415","","Wisconsin",55,"30-34 years","30-34","White","2106-3",2022,2022,"August",8,12,1570,"7.64 (Unreliable)"
"416","","Ohio",39,"25-29 years","25-29","White","2106-3",2021,2021,"March",3,20,2616,"7.65"
"417","","Ohio",39,"25-29 years","25-29","White","2106-3",2021,2021,"December",12,19,2482,"7.66 (Unreliable)"
"418","","Texas",48,"15-19 years","15-19","White","2106-3",2022,2022,"February",2,10,1301,"7.69 (Unreliable)"
"419","","Texas",48,"15-19 years","15-19","White","2106-3",2022,2022,"June",6,11,1416,"7.77 (Unreliable)"
"420","","Ohio",39,"25-29 years","25-29","White","2106-3",2022,2022,"February",2,17,2186,"7.78 (Unreliable)"
"421","","Texas",48,"15-19 years","15-19","White","2106-3",2022,2022,"December",12,12,1542,"7.78 (Unreliable)"
"422","","Texas",48,"15-19 years","15-19","White","2106-3",2021,2021,"July",7,12,1539,"7.80 (Unreliable)"
"423","","Indiana",18,"25-29 years","25-29","White","2106-3",2022,2022,"October",10,14,1777,"7.88 (Unreliable)"
"424","","Texas",48,"25-29 years","25-29","Black or African American","2054-5",2021,2021,"July",7,10,1269,"7.88 (Unreliable)"
"425","","Texas",48,"25-29 years","25-29","Black or African American","2054-5",2021,2021,"September",9,10,1269,"7.88 (Unreliable)"
"426","","Georgia",13,"25-29 years","25-29","White","2106-3",2021,2021,"April",4,13,1646,"7.90 (Unreliable)"
"427","","Pennsylvania",42,"20-24 years","20-24","White","2106-3",2021,2021,"October",10,10,1266,"7.90 (Unreliable)"
"428","","Texas",48,"15-19 years","15-19","White","2106-3",2021,2021,"February",2,10,1258,"7.95 (Unreliable)"
"429","","Florida",12,"30-34 years","30-34","Black or African American","2054-5",2022,2022,"September",9,10,1250,"8.00 (Unreliable)"
"430","","Indiana",18,"20-24 years","20-24","White","2106-3",2021,2021,"August",8,10,1247,"8.02 (Unreliable)"
"431","","Kentucky",21,"25-29 years","25-29","White","2106-3",2021,2021,"August",8,10,1244,"8.04 (Unreliable)"
"432","","Texas",48,"25-29 years","25-29","Black or African American","2054-5",2022,2022,"November",11,10,1241,"8.06 (Unreliable)"
"433","","Pennsylvania",42,"20-24 years","20-24","White","2106-3",2021,2021,"September",9,10,1235,"8.10 (Unreliable)"
"434","","Georgia",13,"20-24 years","20-24","White","2106-3",2022,2022,"December",12,10,1231,"8.12 (Unreliable)"
"435","","Washington",53,"25-29 years","25-29","White","2106-3",2021,2021,"January",1,11,1350,"8.15 (Unreliable)"
"436","","Texas",48,"15-19 years","15-19","White","2106-3",2021,2021,"May",5,11,1349,"8.15 (Unreliable)"
"437","","Missouri",29,"30-34 years","30-34","White","2106-3",2022,2022,"May",5,11,1323,"8.31 (Unreliable)"
"438","","North Carolina",37,"25-29 years","25-29","White","2106-3",2022,2022,"January",1,15,1799,"8.34 (Unreliable)"
"439","","Illinois",17,"25-29 years","25-29","White","2106-3",2022,2022,"October",10,18,2152,"8.36 (Unreliable)"
"440","","Florida",12,"25-29 years","25-29","Black or African American","2054-5",2022,2022,"June",6,10,1195,"8.37 (Unreliable)"
"441","","Ohio",39,"20-24 years","20-24","White","2106-3",2022,2022,"January",1,13,1546,"8.41 (Unreliable)"
"442","","Pennsylvania",42,"25-29 years","25-29","White","2106-3",2022,2022,"November",11,18,2126,"8.47 (Unreliable)"
"443","","Texas",48,"30-34 years","30-34","Black or African American","2054-5",2022,2022,"September",9,10,1180,"8.47 (Unreliable)"
"444","","Texas",48,"20-24 years","20-24","White","2106-3",2021,2021,"February",2,39,4596,"8.49"
"445","","Minnesota",27,"25-29 years","25-29","White","2106-3",2021,2021,"April",4,10,1178,"8.49 (Unreliable)"
"446","","Ohio",39,"20-24 years","20-24","White","2106-3",2022,2022,"February",2,12,1413,"8.49 (Unreliable)"
"447","","Tennessee",47,"20-24 years","20-24","White","2106-3",2022,2022,"September",9,10,1168,"8.56 (Unreliable)"
"448","","Indiana",18,"25-29 years","25-29","White","2106-3",2022,2022,"April",4,14,1632,"8.58 (Unreliable)"
"449","","North Carolina",37,"20-24 years","20-24","White","2106-3",2021,2021,"September",9,11,1281,"8.59 (Unreliable)"
"450","","Pennsylvania",42,"20-24 years","20-24","White","2106-3",2022,2022,"May",5,10,1162,"8.61 (Unreliable)"
"451","","Indiana",18,"25-29 years","25-29","White","2106-3",2022,2022,"May",5,15,1734,"8.65 (Unreliable)"
"452","","Florida",12,"25-29 years","25-29","Black or African American","2054-5",2022,2022,"January",1,11,1265,"8.70 (Unreliable)"
"453","","Texas",48,"25-29 years","25-29","Black or African American","2054-5",2021,2021,"October",10,11,1263,"8.71 (Unreliable)"
"454","","Tennessee",47,"20-24 years","20-24","White","2106-3",2021,2021,"October",10,10,1140,"8.77 (Unreliable)"
"455","","Florida",12,"30-34 years","30-34","Black or African American","2054-5",2021,2021,"August",8,11,1246,"8.83 (Unreliable)"
"456","","Texas",48,"15-19 years","15-19","White","2106-3",2021,2021,"December",12,13,1470,"8.84 (Unreliable)"
"457","","Missouri",29,"25-29 years","25-29","White","2106-3",2021,2021,"February",2,11,1240,"8.87 (Unreliable)"
"458","","Michigan",26,"20-24 years","20-24","White","2106-3",2022,2022,"July",7,10,1119,"8.94 (Unreliable)"
"459","","Missouri",29,"30-34 years","30-34","White","2106-3",2022,2022,"January",1,11,1227,"8.96 (Unreliable)"
"460","","Texas",48,"20-24 years","20-24","Black or African American","2054-5",2022,2022,"August",8,10,1114,"8.98 (Unreliable)"
"461","","Florida",12,"30-34 years","30-34","Black or African American","2054-5",2021,2021,"November",11,10,1110,"9.01 (Unreliable)"
"462","","Indiana",18,"30-34 years","30-34","White","2106-3",2022,2022,"June",6,14,1549,"9.04 (Unreliable)"
"463","","North Carolina",37,"20-24 years","20-24","White","2106-3",2022,2022,"January",1,11,1213,"9.07 (Unreliable)"
"464","","Georgia",13,"20-24 years","20-24","White","2106-3",2022,2022,"September",9,11,1205,"9.13 (Unreliable)"
"465","","Michigan",26,"20-24 years","20-24","White","2106-3",2021,2021,"May",5,10,1093,"9.15 (Unreliable)"
"466","","Georgia",13,"30-34 years","30-34","Black or African American","2054-5",2022,2022,"August",8,10,1088,"9.19 (Unreliable)"
"467","","New York",36,"30-34 years","30-34","Black or African American","2054-5",2021,2021,"August",8,10,1079,"9.27 (Unreliable)"
"468","","Virginia",51,"25-29 years","25-29","White","2106-3",2021,2021,"July",7,14,1509,"9.28 (Unreliable)"
"469","","Georgia",13,"20-24 years","20-24","White","2106-3",2021,2021,"June",6,11,1184,"9.29 (Unreliable)"
"470","","Florida",12,"30-34 years","30-34","Black or African American","2054-5",2022,2022,"April",4,10,1074,"9.31 (Unreliable)"
"471","","Missouri",29,"20-24 years","20-24","White","2106-3",2022,2022,"August",8,10,1068,"9.36 (Unreliable)"
"472","","Florida",12,"20-24 years","20-24","White","2106-3",2022,2022,"July",7,20,2130,"9.39"
"473","","Missouri",29,"30-34 years","30-34","White","2106-3",2021,2021,"October",10,13,1381,"9.41 (Unreliable)"
"474","","Pennsylvania",42,"20-24 years","20-24","White","2106-3",2022,2022,"March",3,11,1160,"9.48 (Unreliable)"
"475","","Texas",48,"25-29 years","25-29","Black or African American","2054-5",2022,2022,"September",9,12,1246,"9.63 (Unreliable)"
"476","","Tennessee",47,"20-24 years","20-24","White","2106-3",2022,2022,"May",5,10,1036,"9.65 (Unreliable)"
"477","","Illinois",17,"20-24 years","20-24","White","2106-3",2021,2021,"April",4,11,1135,"9.69 (Unreliable)"
"478","","Arizona",4,"20-24 years","20-24","White","2106-3",2021,2021,"March",3,10,1031,"9.70 (Unreliable)"
"479","","Ohio",39,"20-24 years","20-24","White","2106-3",2021,2021,"February",2,14,1442,"9.71 (Unreliable)"
"480","","Ohio",39,"25-29 years","25-29","White","2106-3",2022,2022,"March",3,25,2568,"9.74"
"481","","Illinois",17,"20-24 years","20-24","White","2106-3",2022,2022,"October",10,11,1128,"9.75 (Unreliable)"
"482","","Texas",48,"25-29 years","25-29","Black or African American","2054-5",2021,2021,"August",8,13,1331,"9.77 (Unreliable)"
"483","","Pennsylvania",42,"20-24 years","20-24","White","2106-3",2022,2022,"July",7,12,1224,"9.80 (Unreliable)"
"484","","Florida",12,"30-34 years","30-34","Black or African American","2054-5",2022,2022,"July",7,12,1218,"9.85 (Unreliable)"
"485","","Michigan",26,"20-24 years","20-24","White","2106-3",2022,2022,"May",5,10,1014,"9.86 (Unreliable)"
"486","","Florida",12,"30-34 years","30-34","Black or African American","2054-5",2021,2021,"April",4,10,1012,"9.88 (Unreliable)"
"487","","Ohio",39,"20-24 years","20-24","White","2106-3",2022,2022,"May",5,15,1506,"9.96 (Unreliable)"
"488","","Arizona",4,"20-24 years","20-24","White","2106-3",2022,2022,"December",12,11,1104,"9.96 (Unreliable)"
"489","","Georgia",13,"20-24 years","20-24","White","2106-3",2021,2021,"October",10,12,1202,"9.98 (Unreliable)"
"490","","Georgia",13,"25-29 years","25-29","Black or African American","2054-5",2022,2022,"October",10,10,989,"10.11 (Unreliable)"
"491","","Texas",48,"25-29 years","25-29","Black or African American","2054-5",2021,2021,"December",12,13,1278,"10.17 (Unreliable)"
"492","","Georgia",13,"25-29 years","25-29","Black or African American","2054-5",2022,2022,"December",12,11,1080,"10.19 (Unreliable)"
"493","","Texas",48,"25-29 years","25-29","Black or African American","2054-5",2022,2022,"July",7,13,1263,"10.29 (Unreliable)"
"494","","Florida",12,"25-29 years","25-29","Black or African American","2054-5",2021,2021,"November",11,13,1260,"10.32 (Unreliable)"
"495","","Florida",12,"25-29 years","25-29","Black or African American","2054-5",2021,2021,"September",9,14,1353,"10.35 (Unreliable)"
"496","","Tennessee",47,"20-24 years","20-24","White","2106-3",2021,2021,"January",1,11,1059,"10.39 (Unreliable)"
"497","","Texas",48,"15-19 years","15-19","White","2106-3",2021,2021,"November",11,15,1443,"10.40 (Unreliable)"
"498","","North Carolina",37,"20-24 years","20-24","White","2106-3",2021,2021,"January",1,12,1149,"10.44 (Unreliable)"
"499","","Indiana",18,"20-24 years","20-24","White","2106-3",2021,2021,"March",3,11,1053,"10.45 (Unreliable)"
"500","","Indiana",18,"20-24 years","20-24","White","2106-3",2022,2022,"June",6,13,1243,"10.46 (Unreliable)"
"501","","Florida",12,"20-24 years","20-24","Black or African American","2054-5",2021,2021,"December",12,10,955,"10.47 (Unreliable)"
"502","","Michigan",26,"20-24 years","20-24","White","2106-3",2022,2022,"June",6,11,1049,"10.49 (Unreliable)"
"503","","Georgia",13,"30-34 years","30-34","Black or African American","2054-5",2022,2022,"July",7,10,951,"10.52 (Unreliable)"
"504","","Florida",12,"30-34 years","30-34","Black or African American","2054-5",2021,2021,"December",12,14,1327,"10.55 (Unreliable)"
"505","","Georgia",13,"25-29 years","25-29","Black or African American","2054-5",2022,2022,"June",6,10,947,"10.56 (Unreliable)"
"506","","Missouri",29,"20-24 years","20-24","White","2106-3",2022,2022,"June",6,10,946,"10.57 (Unreliable)"
"507","","Florida",12,"30-34 years","30-34","Black or African American","2054-5",2022,2022,"May",5,11,1039,"10.59 (Unreliable)"
"508","","Georgia",13,"25-29 years","25-29","Black or African American","2054-5",2022,2022,"March",3,11,1036,"10.62 (Unreliable)"
"509","","Florida",12,"30-34 years","30-34","Black or African American","2054-5",2021,2021,"July",7,12,1129,"10.63 (Unreliable)"
"510","","Kentucky",21,"25-29 years","25-29","White","2106-3",2021,2021,"January",1,12,1124,"10.68 (Unreliable)"
"511","","Georgia",13,"25-29 years","25-29","Black or African American","2054-5",2022,2022,"August",8,12,1121,"10.70 (Unreliable)"
"512","","New York",36,"30-34 years","30-34","Black or African American","2054-5",2021,2021,"May",5,10,929,"10.76 (Unreliable)"
"513","","Texas",48,"20-24 years","20-24","Black or African American","2054-5",2022,2022,"January",1,10,926,"10.80 (Unreliable)"
"514","","Florida",12,"20-24 years","20-24","Black or African American","2054-5",2021,2021,"July",7,10,924,"10.82 (Unreliable)"
"515","","Florida",12,"30-34 years","30-34","Black or African American","2054-5",2022,2022,"December",12,14,1287,"10.88 (Unreliable)"
"516","","Florida",12,"25-29 years","25-29","Black or African American","2054-5",2022,2022,"September",9,13,1194,"10.89 (Unreliable)"
"517","","Texas",48,"25-29 years","25-29","Black or African American","2054-5",2022,2022,"June",6,13,1193,"10.90 (Unreliable)"
"518","","Georgia",13,"25-29 years","25-29","Black or African American","2054-5",2021,2021,"February",2,11,1007,"10.92 (Unreliable)"
"519","","New York",36,"30-34 years","30-34","Black or African American","2054-5",2022,2022,"December",12,11,1003,"10.97 (Unreliable)"
"520","","Pennsylvania",42,"20-24 years","20-24","White","2106-3",2022,2022,"November",11,13,1185,"10.97 (Unreliable)"
"521","","Tennessee",47,"20-24 years","20-24","White","2106-3",2022,2022,"January",1,12,1092,"10.99 (Unreliable)"
"522","","Florida",12,"20-24 years","20-24","Black or African American","2054-5",2021,2021,"October",10,11,999,"11.01 (Unreliable)"
"523","","Texas",48,"15-19 years","15-19","White","2106-3",2022,2022,"April",4,14,1263,"11.08 (Unreliable)"
"524","","Kentucky",21,"20-24 years","20-24","White","2106-3",2022,2022,"October",10,10,901,"11.10 (Unreliable)"
"525","","Texas",48,"30-34 years","30-34","Black or African American","2054-5",2022,2022,"April",4,11,990,"11.11 (Unreliable)"
"526","","Texas",48,"25-29 years","25-29","Black or African American","2054-5",2021,2021,"January",1,12,1077,"11.14 (Unreliable)"
"527","","Pennsylvania",42,"20-24 years","20-24","White","2106-3",2022,2022,"February",2,12,1074,"11.17 (Unreliable)"
"528","","California",6,"15-19 years","15-19","White","2106-3",2021,2021,"December",12,10,893,"11.20 (Unreliable)"
"529","","Georgia",13,"25-29 years","25-29","Black or African American","2054-5",2022,2022,"September",9,11,981,"11.21 (Unreliable)"
"530","","Texas",48,"25-29 years","25-29","Black or African American","2054-5",2021,2021,"April",4,12,1070,"11.21 (Unreliable)"
"531","","Georgia",13,"30-34 years","30-34","Black or African American","2054-5",2022,2022,"October",10,10,891,"11.22 (Unreliable)"
"532","","Florida",12,"25-29 years","25-29","Black or African American","2054-5",2022,2022,"November",11,14,1245,"11.24 (Unreliable)"
"533","","Texas",48,"20-24 years","20-24","Black or African American","2054-5",2022,2022,"November",11,11,976,"11.27 (Unreliable)"
"534","","Florida",12,"30-34 years","30-34","Black or African American","2054-5",2022,2022,"June",6,13,1152,"11.28 (Unreliable)"
"535","","Kentucky",21,"20-24 years","20-24","White","2106-3",2021,2021,"April",4,10,883,"11.33 (Unreliable)"
"536","","Ohio",39,"20-24 years","20-24","White","2106-3",2021,2021,"January",1,17,1488,"11.42 (Unreliable)"
"537","","Illinois",17,"20-24 years","20-24","White","2106-3",2021,2021,"March",3,13,1135,"11.45 (Unreliable)"
"538","","Florida",12,"30-34 years","30-34","Black or African American","2054-5",2021,2021,"October",10,14,1222,"11.46 (Unreliable)"
"539","","New York",36,"30-34 years","30-34","Black or African American","2054-5",2021,2021,"December",12,12,1047,"11.46 (Unreliable)"
"540","","New York",36,"30-34 years","30-34","Black or African American","2054-5",2022,2022,"July",7,11,953,"11.54 (Unreliable)"
"541","","Texas",48,"15-19 years","15-19","White","2106-3",2022,2022,"October",10,18,1554,"11.58 (Unreliable)"
"542","","Texas",48,"20-24 years","20-24","Black or African American","2054-5",2022,2022,"June",6,11,947,"11.62 (Unreliable)"
"543","","Texas",48,"20-24 years","20-24","Black or African American","2054-5",2021,2021,"October",10,11,946,"11.63 (Unreliable)"
"544","","Texas",48,"20-24 years","20-24","Black or African American","2054-5",2021,2021,"March",3,11,946,"11.63 (Unreliable)"
"545","","Florida",12,"25-29 years","25-29","Black or African American","2054-5",2021,2021,"April",4,13,1116,"11.65 (Unreliable)"
"546","","Texas",48,"25-29 years","25-29","Black or African American","2054-5",2022,2022,"January",1,14,1194,"11.73 (Unreliable)"
"547","","Georgia",13,"20-24 years","20-24","Black or African American","2054-5",2021,2021,"July",7,11,936,"11.75 (Unreliable)"
"548","","Georgia",13,"30-34 years","30-34","Black or African American","2054-5",2021,2021,"December",12,11,935,"11.76 (Unreliable)"
"549","","Washington",53,"20-24 years","20-24","White","2106-3",2021,2021,"May",5,10,842,"11.88 (Unreliable)"
"550","","Florida",12,"25-29 years","25-29","Black or African American","2054-5",2021,2021,"June",6,14,1178,"11.88 (Unreliable)"
"551","","Tennessee",47,"20-24 years","20-24","White","2106-3",2021,2021,"March",3,13,1090,"11.93 (Unreliable)"
"552","","Ohio",39,"20-24 years","20-24","White","2106-3",2021,2021,"May",5,19,1585,"11.99 (Unreliable)"
"553","","Texas",48,"30-34 years","30-34","Black or African American","2054-5",2021,2021,"December",12,13,1081,"12.03 (Unreliable)"
"554","","Texas",48,"25-29 years","25-29","Black or African American","2054-5",2022,2022,"December",12,16,1329,"12.04 (Unreliable)"
"555","","Georgia",13,"20-24 years","20-24","Black or African American","2054-5",2021,2021,"December",12,11,911,"12.07 (Unreliable)"
"556","","Georgia",13,"30-34 years","30-34","Black or African American","2054-5",2022,2022,"September",9,11,903,"12.18 (Unreliable)"
"557","","Georgia",13,"20-24 years","20-24","Black or African American","2054-5",2022,2022,"December",12,11,900,"12.22 (Unreliable)"
"558","","Florida",12,"20-24 years","20-24","Black or African American","2054-5",2022,2022,"May",5,10,817,"12.24 (Unreliable)"
"559","","Tennessee",47,"20-24 years","20-24","White","2106-3",2021,2021,"February",2,12,975,"12.31 (Unreliable)"
"560","","Texas",48,"20-24 years","20-24","Black or African American","2054-5",2021,2021,"April",4,11,884,"12.44 (Unreliable)"
"561","","Texas",48,"30-34 years","30-34","Black or African American","2054-5",2022,2022,"March",3,14,1124,"12.46 (Unreliable)"
"562","","Utah",49,"30-34 years","30-34","White","2106-3",2021,2021,"April",4,12,962,"12.47 (Unreliable)"
"563","","New York",36,"30-34 years","30-34","Black or African American","2054-5",2021,2021,"November",11,12,952,"12.61 (Unreliable)"
"564","","Texas",48,"20-24 years","20-24","Black or African American","2054-5",2021,2021,"September",9,13,1027,"12.66 (Unreliable)"
"565","","Texas",48,"25-29 years","25-29","Black or African American","2054-5",2022,2022,"October",10,15,1182,"12.69 (Unreliable)"
"566","","Texas",48,"30-34 years","30-34","Black or African American","2054-5",2022,2022,"January",1,13,1018,"12.77 (Unreliable)"
"567","","Georgia",13,"30-34 years","30-34","Black or African American","2054-5",2021,2021,"February",2,10,783,"12.77 (Unreliable)"
"568","","Florida",12,"25-29 years","25-29","Black or African American","2054-5",2021,2021,"May",5,14,1096,"12.77 (Unreliable)"
"569","","Texas",48,"25-29 years","25-29","Black or African American","2054-5",2021,2021,"March",3,15,1168,"12.84 (Unreliable)"
"570","","Florida",12,"25-29 years","25-29","Black or African American","2054-5",2021,2021,"August",8,16,1242,"12.88 (Unreliable)"
"571","","Georgia",13,"25-29 years","25-29","Black or African American","2054-5",2021,2021,"October",10,14,1085,"12.90 (Unreliable)"
"572","","Florida",12,"30-34 years","30-34","Black or African American","2054-5",2021,2021,"May",5,13,1003,"12.96 (Unreliable)"
"573","","Florida",12,"20-24 years","20-24","Black or African American","2054-5",2022,2022,"September",9,11,848,"12.97 (Unreliable)"
"574","","Georgia",13,"20-24 years","20-24","Black or African American","2054-5",2022,2022,"July",7,11,848,"12.97 (Unreliable)"
"575","","Georgia",13,"20-24 years","20-24","Black or African American","2054-5",2021,2021,"February",2,10,770,"12.99 (Unreliable)"
"576","","Georgia",13,"20-24 years","20-24","Black or African American","2054-5",2021,2021,"September",9,12,918,"13.07 (Unreliable)"
"577","","Illinois",17,"20-24 years","20-24","White","2106-3",2021,2021,"May",5,15,1146,"13.09 (Unreliable)"
"578","","Texas",48,"30-34 years","30-34","Black or African American","2054-5",2022,2022,"October",10,15,1134,"13.23 (Unreliable)"
"579","","Florida",12,"25-29 years","25-29","Black or African American","2054-5",2022,2022,"July",7,17,1285,"13.23 (Unreliable)"
"580","","Arizona",4,"25-29 years","25-29","White","2106-3",2022,2022,"May",5,19,1433,"13.26 (Unreliable)"
"581","","Georgia",13,"20-24 years","20-24","Black or African American","2054-5",2022,2022,"April",4,10,751,"13.32 (Unreliable)"
"582","","Texas",48,"30-34 years","30-34","Black or African American","2054-5",2021,2021,"April",4,12,898,"13.36 (Unreliable)"
"583","","Texas",48,"30-34 years","30-34","Black or African American","2054-5",2021,2021,"January",1,13,972,"13.37 (Unreliable)"
"584","","Georgia",13,"25-29 years","25-29","Black or African American","2054-5",2021,2021,"March",3,14,1046,"13.38 (Unreliable)"
"585","","North Carolina",37,"25-29 years","25-29","Black or African American","2054-5",2021,2021,"August",8,11,820,"13.41 (Unreliable)"
"586","","Texas",48,"20-24 years","20-24","Black or African American","2054-5",2022,2022,"April",4,12,889,"13.50 (Unreliable)"
"587","","Florida",12,"20-24 years","20-24","Black or African American","2054-5",2021,2021,"August",8,13,957,"13.58 (Unreliable)"
"588","","Texas",48,"25-29 years","25-29","Black or African American","2054-5",2022,2022,"March",3,17,1249,"13.61 (Unreliable)"
"589","","Georgia",13,"25-29 years","25-29","Black or African American","2054-5",2022,2022,"May",5,13,954,"13.63 (Unreliable)"
"590","","Missouri",29,"20-24 years","20-24","White","2106-3",2022,2022,"February",2,11,802,"13.72 (Unreliable)"
"591","","Georgia",13,"30-34 years","30-34","Black or African American","2054-5",2021,2021,"April",4,11,800,"13.75 (Unreliable)"
"592","","Colorado",8,"20-24 years","20-24","White","2106-3",2021,2021,"July",7,10,722,"13.85 (Unreliable)"
"593","","Florida",12,"25-29 years","25-29","Black or African American","2054-5",2022,2022,"May",5,16,1142,"14.01 (Unreliable)"
"594","","North Carolina",37,"25-29 years","25-29","Black or African American","2054-5",2022,2022,"January",1,11,780,"14.10 (Unreliable)"
"595","","Oklahoma",40,"20-24 years","20-24","White","2106-3",2021,2021,"May",5,10,708,"14.12 (Unreliable)"
"596","","New York",36,"25-29 years","25-29","Black or African American","2054-5",2021,2021,"January",1,11,774,"14.21 (Unreliable)"
"597","","Florida",12,"25-29 years","25-29","Black or African American","2054-5",2022,2022,"October",10,17,1196,"14.21 (Unreliable)"
"598","","Florida",12,"25-29 years","25-29","Black or African American","2054-5",2021,2021,"January",1,16,1110,"14.41 (Unreliable)"
"599","","Texas",48,"30-34 years","30-34","Black or African American","2054-5",2021,2021,"May",5,14,969,"14.45 (Unreliable)"
"600","","Texas",48,"25-29 years","25-29","Black or African American","2054-5",2022,2022,"April",4,16,1106,"14.47 (Unreliable)"
"601","","Georgia",13,"20-24 years","20-24","Black or African American","2054-5",2021,2021,"April",4,11,759,"14.49 (Unreliable)"
"602","","North Carolina",37,"20-24 years","20-24","Black or African American","2054-5",2022,2022,"July",7,10,688,"14.53 (Unreliable)"
"603","","Nevada",32,"25-29 years","25-29","White","2106-3",2021,2021,"August",8,10,687,"14.56 (Unreliable)"
"604","","Florida",12,"20-24 years","20-24","Black or African American","2054-5",2022,2022,"June",6,12,822,"14.60 (Unreliable)"
"605","","North Carolina",37,"25-29 years","25-29","Black or African American","2054-5",2021,2021,"June",6,11,748,"14.71 (Unreliable)"
"606","","Florida",12,"25-29 years","25-29","Black or African American","2054-5",2021,2021,"December",12,19,1279,"14.86 (Unreliable)"
"607","","Georgia",13,"20-24 years","20-24","Black or African American","2054-5",2022,2022,"October",10,12,805,"14.91 (Unreliable)"
"608","","Texas",48,"20-24 years","20-24","Black or African American","2054-5",2021,2021,"July",7,16,1048,"15.27 (Unreliable)"
"609","","Florida",12,"20-24 years","20-24","Black or African American","2054-5",2022,2022,"December",12,14,916,"15.28 (Unreliable)"
"610","","Tennessee",47,"20-24 years","20-24","White","2106-3",2022,2022,"June",6,16,1012,"15.81 (Unreliable)"
"611","","Florida",12,"25-29 years","25-29","Black or African American","2054-5",2021,2021,"July",7,20,1263,"15.84"
"612","","Georgia",13,"20-24 years","20-24","Black or African American","2054-5",2022,2022,"March",3,14,876,"15.98 (Unreliable)"
"613","","Texas",48,"20-24 years","20-24","Black or African American","2054-5",2022,2022,"May",5,14,863,"16.22 (Unreliable)"
"614","","Georgia",13,"20-24 years","20-24","Black or African American","2054-5",2022,2022,"May",5,12,734,"16.35 (Unreliable)"
"615","","North Carolina",37,"25-29 years","25-29","Black or African American","2054-5",2022,2022,"August",8,12,733,"16.37 (Unreliable)"
"616","","Florida",12,"20-24 years","20-24","Black or African American","2054-5",2022,2022,"August",8,15,912,"16.45 (Unreliable)"
"617","","Florida",12,"20-24 years","20-24","Black or African American","2054-5",2021,2021,"November",11,15,909,"16.50 (Unreliable)"
"618","","North Carolina",37,"20-24 years","20-24","Black or African American","2054-5",2021,2021,"May",5,10,606,"16.50 (Unreliable)"
"619","","Florida",12,"25-29 years","25-29","Black or African American","2054-5",2022,2022,"February",2,19,1146,"16.58 (Unreliable)"
"620","","Texas",48,"25-29 years","25-29","Black or African American","2054-5",2022,2022,"February",2,18,1084,"16.61 (Unreliable)"
"621","","Washington",53,"20-24 years","20-24","White","2106-3",2022,2022,"May",5,13,779,"16.69 (Unreliable)"
"622","","Georgia",13,"25-29 years","25-29","Black or African American","2054-5",2022,2022,"February",2,16,956,"16.74 (Unreliable)"
"623","","North Carolina",37,"30-34 years","30-34","Black or African American","2054-5",2021,2021,"August",8,12,708,"16.95 (Unreliable)"
"624","","North Carolina",37,"30-34 years","30-34","Black or African American","2054-5",2022,2022,"May",5,10,590,"16.95 (Unreliable)"
"625","","Louisiana",22,"25-29 years","25-29","Black or African American","2054-5",2021,2021,"March",3,10,589,"16.98 (Unreliable)"
"626","","Texas",48,"20-24 years","20-24","Black or African American","2054-5",2022,2022,"February",2,15,881,"17.03 (Unreliable)"
"627","","North Carolina",37,"20-24 years","20-24","Black or African American","2054-5",2022,2022,"August",8,11,623,"17.66 (Unreliable)"
"628","","Ohio",39,"25-29 years","25-29","Black or African American","2054-5",2021,2021,"July",7,10,553,"18.08 (Unreliable)"
"629","","California",6,"15-19 years","15-19","White","2106-3",2021,2021,"November",11,16,875,"18.29 (Unreliable)"
"630","","Florida",12,"20-24 years","20-24","Black or African American","2054-5",2022,2022,"November",11,17,922,"18.44 (Unreliable)"
"631","","North Carolina",37,"25-29 years","25-29","Black or African American","2054-5",2022,2022,"March",3,14,756,"18.52 (Unreliable)"
"632","","Louisiana",22,"20-24 years","20-24","Black or African American","2054-5",2022,2022,"September",9,10,508,"19.69 (Unreliable)"
"633","","North Carolina",37,"20-24 years","20-24","Black or African American","2054-5",2021,2021,"October",10,13,657,"19.79 (Unreliable)"
"634","","North Carolina",37,"25-29 years","25-29","Black or African American","2054-5",2022,2022,"April",4,13,655,"19.85 (Unreliable)"
"635","","Illinois",17,"25-29 years","25-29","Black or African American","2054-5",2021,2021,"March",3,11,549,"20.04 (Unreliable)"
"636","","Florida",12,"20-24 years","20-24","Black or African American","2054-5",2022,2022,"October",10,17,847,"20.07 (Unreliable)"
"637","","Maryland",24,"30-34 years","30-34","Black or African American","2054-5",2022,2022,"October",10,11,543,"20.26 (Unreliable)"
"638","","Georgia",13,"30-34 years","30-34","Black or African American","2054-5",2022,2022,"May",5,18,879,"20.48 (Unreliable)"
"639","","Ohio",39,"20-24 years","20-24","Black or African American","2054-5",2022,2022,"December",12,10,484,"20.66 (Unreliable)"
"640","","Virginia",51,"30-34 years","30-34","Black or African American","2054-5",2021,2021,"October",10,10,480,"20.83 (Unreliable)"
"641","","North Carolina",37,"30-34 years","30-34","Black or African American","2054-5",2021,2021,"October",10,13,615,"21.14 (Unreliable)"
"642","","Ohio",39,"20-24 years","20-24","Black or African American","2054-5",2022,2022,"June",6,10,466,"21.46 (Unreliable)"
"643","","Michigan",26,"25-29 years","25-29","Black or African American","2054-5",2021,2021,"August",8,12,554,"21.66 (Unreliable)"
"644","","Ohio",39,"30-34 years","30-34","Black or African American","2054-5",2021,2021,"May",5,10,455,"21.98 (Unreliable)"
"645","","Louisiana",22,"20-24 years","20-24","Black or African American","2054-5",2021,2021,"May",5,11,497,"22.13 (Unreliable)"
"646","","Ohio",39,"25-29 years","25-29","Black or African American","2054-5",2021,2021,"May",5,11,496,"22.18 (Unreliable)"
"647","","Virginia",51,"25-29 years","25-29","Black or African American","2054-5",2022,2022,"May",5,10,447,"22.37 (Unreliable)"
"648","","Michigan",26,"20-24 years","20-24","Black or African American","2054-5",2021,2021,"June",6,10,428,"23.36 (Unreliable)"
"649","","Michigan",26,"30-34 years","30-34","Black or African American","2054-5",2021,2021,"July",7,10,407,"24.57 (Unreliable)"
"650","","South Carolina",45,"20-24 years","20-24","Black or African American","2054-5",2021,2021,"November",11,10,384,"26.04 (Unreliable)"
"651","","Illinois",17,"25-29 years","25-29","Black or African American","2054-5",2021,2021,"January",1,14,532,"26.32 (Unreliable)"
"652","","Mississippi",28,"20-24 years","20-24","Black or African American","2054-5",2022,2022,"June",6,10,369,"27.10 (Unreliable)"
"653","","Virginia",51,"30-34 years","30-34","Black or African American","2054-5",2022,2022,"January",1,11,402,"27.36 (Unreliable)"
"654","","Mississippi",28,"20-24 years","20-24","Black or African American","2054-5",2022,2022,"July",7,10,365,"27.40 (Unreliable)"
"655","","Illinois",17,"20-24 years","20-24","Black or African American","2054-5",2021,2021,"March",3,12,431,"27.84 (Unreliable)"
"656","","Michigan",26,"20-24 years","20-24","Black or African American","2054-5",2021,2021,"November",11,10,358,"27.93 (Unreliable)"
"657","","Michigan",26,"25-29 years","25-29","Black or African American","2054-5",2021,2021,"February",2,14,455,"30.77 (Unreliable)"
"658","","Mississippi",28,"20-24 years","20-24","Black or African American","2054-5",2021,2021,"September",9,13,403,"32.26 (Unreliable)"
"659","","Ohio",39,"30-34 years","30-34","Black or African American","2054-5",2021,2021,"February",2,13,392,"33.16 (Unreliable)"
"660","---","",NA,"","","","",NA,NA,"",NA,NA,NA,""
"661","Dataset: Linked Birth / Infant Death Records, 2017-2022 Expanded","",NA,"","","","",NA,NA,"",NA,NA,NA,""
"662","Query Parameters:","",NA,"","","","",NA,NA,"",NA,NA,NA,""
"663","Age of Mother 9: Under 15 years; 15-19 years; 20-24 years; 25-29 years; 30-34 years","",NA,"","","","",NA,NA,"",NA,NA,NA,""
"664","Mother's Single Race 6: American Indian or Alaska Native; Asian; Black or African American; Native Hawaiian or Other Pacific","",NA,"","","","",NA,NA,"",NA,NA,NA,""
"665","Islander; White; More than one race; Unknown or Not Stated","",NA,"","","","",NA,NA,"",NA,NA,NA,""
"666","Year of Death: 2021; 2022","",NA,"","","","",NA,NA,"",NA,NA,NA,""
"667","Group By: State; Age of Mother 9; Mother's Single Race 6; Year of Death; Month","",NA,"","","","",NA,NA,"",NA,NA,NA,""
"668","Show Totals: Disabled","",NA,"","","","",NA,NA,"",NA,NA,NA,""
"669","Show Zero Values: False","",NA,"","","","",NA,NA,"",NA,NA,NA,""
"670","Show Suppressed: False","",NA,"","","","",NA,NA,"",NA,NA,NA,""
"671","Calculate Rates Per: 1,000","",NA,"","","","",NA,NA,"",NA,NA,NA,""
"672","---","",NA,"","","","",NA,NA,"",NA,NA,NA,""
"673","Help: See http://wonder.cdc.gov/wonder/help/lbd-expanded.html for more information.","",NA,"","","","",NA,NA,"",NA,NA,NA,""
"674","---","",NA,"","","","",NA,NA,"",NA,NA,NA,""
"675","Query Date: Nov 17, 2024 7:22:08 PM","",NA,"","","","",NA,NA,"",NA,NA,NA,""
"676","---","",NA,"","","","",NA,NA,"",NA,NA,NA,""
"677","Suggested Citation: Centers for Disease Control and Prevention, National Center for Health Statistics. National Vital Statistics","",NA,"","","","",NA,NA,"",NA,NA,NA,""
"678","System, Linked Birth / Infant Deaths on CDC WONDER Online Database. Data are from the Linked Birth / Infant Deaths Records","",NA,"","","","",NA,NA,"",NA,NA,NA,""
"679","2017-2022, as compiled from data provided by the 57 vital statistics jurisdictions through the Vital Statistics Cooperative","",NA,"","","","",NA,NA,"",NA,NA,NA,""
"680","Program. Accessed at http://wonder.cdc.gov/lbd-current-expanded.html on Nov 17, 2024 7:22:08 PM","",NA,"","","","",NA,NA,"",NA,NA,NA,""
"681","---","",NA,"","","","",NA,NA,"",NA,NA,NA,""
"682","Messages:","",NA,"","","","",NA,NA,"",NA,NA,NA,""
"683","1. Totals are not available for these results due to suppression constraints. More Information:","",NA,"","","","",NA,NA,"",NA,NA,NA,""
"684","http://wonder.cdc.gov/wonder/help/faq.html#Privacy.","",NA,"","","","",NA,NA,"",NA,NA,NA,""
"685","2. Rows with zero Deaths are hidden. Use Quick Options above to show zero rows.","",NA,"","","","",NA,NA,"",NA,NA,NA,""
"686","3. Rows with suppressed Deaths are hidden. Use Quick Options above to show suppressed rows.","",NA,"","","","",NA,NA,"",NA,NA,NA,""
"687","---","",NA,"","","","",NA,NA,"",NA,NA,NA,""
"688","Caveats:","",NA,"","","","",NA,NA,"",NA,NA,NA,""
"689","1. 'Suppressed' appears instead of death, birth, and rate values when the death value represents 1-9 sub-national events. This","",NA,"","","","",NA,NA,"",NA,NA,NA,""
"690","is because the data do not meet the criteria for confidentiality constraints. More information:","",NA,"","","","",NA,NA,"",NA,NA,NA,""
"691","http://wonder.cdc.gov/wonder/help/lbd-expanded.html#Assurance of Confidentiality.","",NA,"","","","",NA,NA,"",NA,NA,NA,""
"692","2. 'Unreliable' appears for rates when there are fewer than 20 deaths in the numerator. This is because the figure does not meet","",NA,"","","","",NA,NA,"",NA,NA,NA,""
"693","the NCHS standard of reliability or precision. More information: http://wonder.cdc.gov/wonder/help/lbd-expanded.html#Unreliable.","",NA,"","","","",NA,NA,"",NA,NA,NA,""
"694","3. Infant deaths are weighted so numbers may not exactly add to totals due to rounding. More information:","",NA,"","","","",NA,NA,"",NA,NA,NA,""
"695","http://wonder.cdc.gov/wonder/help/lbd-expanded.html#WeightFactors-Totals.","",NA,"","","","",NA,NA,"",NA,NA,NA,""
"696","4. Note that there may be slight differences in the number of infant deaths when comparing the Linked Birth / Death Records to","",NA,"","","","",NA,NA,"",NA,NA,NA,""
"697","the other vital statistics. More information: http://wonder.cdc.gov/wonder/help/lbd-expanded.html#Weight Factors.","",NA,"","","","",NA,NA,"",NA,NA,NA,""
